<?xml version="1.0" encoding="UTF-8"?>
<project-private xmlns="http://www.netbeans.org/ns/project-private/1">
    <editor-bookmarks xmlns="http://www.netbeans.org/ns/editor-bookmarks/2" lastBookmarkId="0"/>
    <open-files xmlns="http://www.netbeans.org/ns/projectui-open-files/2">
        <group>
            <file>file:/Users/reematassi/Library/CloudStorage/OneDrive-HigherCollegesofTechnology/AY22-23/Spring/CIA%204503-SCTL/CIA4503-Material/8-Design%20Patterns/Lab%20Activities/ObserverDP/src/pkg202120_week10_observerdp/Binary.java</file>
            <file>file:/Users/reematassi/Library/CloudStorage/OneDrive-HigherCollegesofTechnology/AY22-23/Spring/CIA%204503-SCTL/CIA4503-Material/8-Design%20Patterns/Lab%20Activities/ObserverDP/src/pkg202120_week10_observerdp/NumberConvertor.java</file>
            <file>file:/Users/reematassi/Library/CloudStorage/OneDrive-HigherCollegesofTechnology/AY22-23/Spring/CIA%204503-SCTL/CIA4503-Material/8-Design%20Patterns/Lab%20Activities/ObserverDP/src/pkg202120_week10_observerdp/Hexa.java</file>
            <file>file:/Users/reematassi/Library/CloudStorage/OneDrive-HigherCollegesofTechnology/AY22-23/Spring/CIA%204503-SCTL/CIA4503-Material/8-Design%20Patterns/Lab%20Activities/ObserverDP/src/pkg202120_week10_observerdp/Main.java</file>
            <file>file:/Users/reematassi/Library/CloudStorage/OneDrive-HigherCollegesofTechnology/AY22-23/Spring/CIA%204503-SCTL/CIA4503-Material/8-Design%20Patterns/Lab%20Activities/ObserverDP/src/pkg202120_week10_observerdp/Observer.java</file>
        </group>
    </open-files>
</project-private>
